<?xml version="1.0"?>  
<!DOCTYPE Configure PUBLIC "-//Mort Bay Consulting//DTD Configure//EN" "http://jetty.mortbay.org/configure.dtd">  
<Configure id="Server" class="org.mortbay.jetty.Server">  
    <Set name="ThreadPool">  
      <New class="org.mortbay.thread.QueuedThreadPool">  
        <Set name="minThreads">10</Set>  
        <Set name="maxThreads">200</Set>  
        <Set name="lowThreads">20</Set>  
        <Set name="SpawnOrShrinkAt">2</Set>  
      </New>  
    </Set>  
    <Call name="addConnector">  
      <Arg>  
          <New class="org.mortbay.jetty.nio.SelectChannelConnector">  
            <Set name="host"><SystemProperty name="jetty.host" default="0.0.0.0"/></Set>  
            <Set name="port"><SystemProperty name="jetty.port" default="8082"/></Set>  
            <Set name="maxIdleTime">30000</Set>  
            <Set name="Acceptors">2</Set>  
            <Set name="statsOn">false</Set>  
            <Set name="confidentialPort">8444</Set>  
        <Set name="lowResourcesConnections">5000</Set>  
        <Set name="lowResourcesMaxIdleTime">5000</Set>  
          </New>  
      </Arg>  
    </Call>  
  
    <Set name="handler">  
      <New id="Handlers" class="org.mortbay.jetty.handler.HandlerCollection">  
        <Set name="handlers">  
         <Array type="org.mortbay.jetty.Handler">  
           <Item>  
             <New id="RequestLog" class="org.mortbay.jetty.handler.RequestLogHandler"/>  
           </Item>  
       <Item>  
           <New class="org.mortbay.jetty.webapp.WebAppContext">    
              <Set name="contextPath">/mycat</Set>    
                          <Set name="war">./mycat-web</Set>  <!--你的web应用根目录-->  
                 </New>    
          </Item>  
         </Array>  
        </Set>  
      </New>  
    </Set>  
    <!-- 
    <Ref id="RequestLog">  
      <Set name="requestLog">  
        <New id="RequestLogImpl" class="org.mortbay.jetty.NCSARequestLog">  
          <Set name="filename"><SystemProperty name="jetty.logs"   default="./logs"
         />/yyyy_mm_dd.log</Set>  
          <Set name="filenameDateFormat">yyyy_MM_dd</Set>  
          <Set name="retainDays">90</Set>  
          <Set name="append">true</Set>  
          <Set name="extended">true</Set>  
          <Set name="logCookies">false</Set>  
          <Set name="LogTimeZone">GMT</Set>  
        </New>  
      </Set>  
    </Ref>  
     -->
    <Set name="stopAtShutdown">true</Set>  
    <Set name="sendServerVersion">true</Set>  
    <Set name="sendDateHeader">true</Set>  
    <Set name="gracefulShutdown">1000</Set>  
  
</Configure>  